,Simulated Data 1,Simulated Data 2
1,-0.8786235265832872,0.8065444304302691
2,0.17932511293491915,-0.8786235265832872
3,-0.08822167231102698,0.17932511293491915
4,0.7735309504085587,-0.08822167231102698
5,0.7777421055674633,0.7735309504085587
6,-0.5587084100662314,0.7777421055674633
7,0.8864143463745112,-0.5587084100662314
8,-0.45125292446547416,0.8864143463745112
9,0.45935193383456985,-0.45125292446547416
10,0.7198900674508202,0.45935193383456985
11,0.7618833075508192,0.7198900674508202
12,-0.21547997849589817,0.7618833075508192
13,1.1349380627717458,-0.21547997849589817
14,-2.6053064001313855,1.1349380627717458
15,0.28578375052732996,-2.6053064001313855
16,0.6793231407406636,0.28578375052732996
17,1.0834463381818815,0.6793231407406636
18,1.5272090938423475,1.0834463381818815
19,-1.8557488038668197,1.5272090938423475
20,1.883312347612777,-1.8557488038668197
21,-1.1739505940727346,1.883312347612777
22,0.870882834010861,-1.1739505940727346
23,-0.4843740534536025,0.870882834010861
24,0.6462391065295696,-0.4843740534536025
25,-1.0527372411995242,0.6462391065295696
26,0.3528360604037962,-1.0527372411995242
27,-0.4681406783021227,0.3528360604037962
28,0.15413538758371514,-0.4681406783021227
29,-0.24198038218472268,0.15413538758371514
30,1.5956126610606938,-0.24198038218472268
31,-1.040296292650838,1.5956126610606938
32,-0.31545560154874264,-1.040296292650838
33,0.12312791304752346,-0.31545560154874264
34,1.5568772073148078,0.12312791304752346
35,-0.8281686277042538,1.5568772073148078
36,-0.047906070289779334,-0.8281686277042538
37,1.3452492547266974,-0.047906070289779334
38,-0.9027420310761896,1.3452492547266974
39,0.19489177771766208,-0.9027420310761896
40,-0.10223523489128039,0.19489177771766208
41,0.03873458177297888,-0.10223523489128039
42,0.29688990074970517,0.03873458177297888
43,-0.19471860594373136,0.29688990074970517
44,0.08175526381445666,-0.19471860594373136
45,-0.6568358122478124,0.08175526381445666
46,0.5978450193183958,-0.6568358122478124
47,-1.5027618494155215,0.5978450193183958
48,1.272856675625206,-1.5027618494155215
49,-1.332061616714125,1.272856675625206
50,1.594224522317993,-1.332061616714125
51,0.6352079012809422,1.594224522317993
52,-1.5762214521377889,0.6352079012809422
53,0.6298253154271305,-1.5762214521377889
54,0.8268883793768795,0.6298253154271305
55,-0.3867404307907397,0.8268883793768795
56,2.638222930229848,-0.3867404307907397
57,-2.0268428657059374,2.638222930229848
58,2.8050250543356916,-2.0268428657059374
59,-3.3347062765357633,2.8050250543356916
60,2.828171072033254,-3.3347062765357633
61,-3.485932717240187,2.828171072033254
62,1.9746534723147608,-3.485932717240187
63,-0.7314586295459504,1.9746534723147608
64,1.162040789128043,-0.7314586295459504
65,-0.45012136343519793,1.162040789128043
66,-0.3336834400505195,-0.45012136343519793
67,0.3963360746533213,-0.3336834400505195
68,0.213360226272652,0.3963360746533213
69,-0.5141789513947649,0.213360226272652
70,1.2723767846450103,-0.5141789513947649
71,-1.750956657419331,1.2723767846450103
72,0.3324515694061674,-1.750956657419331
73,-1.4953046708223394,0.3324515694061674
74,1.1707684703955579,-1.4953046708223394
75,-0.8737164260461541,1.1707684703955579
76,0.3983499549885513,-0.8737164260461541
77,-1.4681531161550352,0.3983499549885513
78,2.3111137990930586,-1.4681531161550352
79,-1.3484067033193816,2.3111137990930586
80,1.2729407628289953,-1.3484067033193816
81,-0.8266931369948065,1.2729407628289953
82,0.1634198648898827,-0.8266931369948065
83,-0.02462010521234545,0.1634198648898827
84,-0.6914978511022892,-0.02462010521234545
85,0.9674455343584705,-0.6914978511022892
86,-3.901754132407965,0.9674455343584705
87,3.822177124017716,-3.901754132407965
88,-4.905693151777229,3.822177124017716
89,3.6798406647652757,-4.905693151777229
90,-1.5815299691261422,3.6798406647652757
91,-0.7526940697018043,-1.5815299691261422
92,1.5088488267456792,-0.7526940697018043
93,-0.7736044293062112,1.5088488267456792
94,-0.45195286784917144,-0.7736044293062112
95,0.6584173241185955,-0.45195286784917144
96,-0.9366074280235814,0.6584173241185955
97,0.13028936908880528,-0.9366074280235814
98,-1.2250053379530386,0.13028936908880528
99,2.244872544318035,-1.2250053379530386
100,-4.074687311453147,2.244872544318035
101,2.6477195304035215,-4.074687311453147
102,-2.5263841645381326,2.6477195304035215
103,2.1443757227469953,-2.5263841645381326
104,-2.592618784659486,2.1443757227469953
105,2.477944061247596,-2.592618784659486
106,-3.577030397868571,2.477944061247596
107,2.5232855204688063,-3.577030397868571
108,-3.474637468313865,2.5232855204688063
109,4.048078661908738,-3.474637468313865
110,-4.7550721714589,4.048078661908738
111,4.695294601995167,-4.7550721714589
112,-2.437985481780176,4.695294601995167
113,2.549005046395793,-2.437985481780176
114,-0.17888397638187348,2.549005046395793
115,0.34299310517336445,-0.17888397638187348
116,-0.1679254823905039,0.34299310517336445
117,-1.0367743470387483,-0.1679254823905039
118,-0.3086636990964239,-1.0367743470387483
119,0.9100407202837992,-0.3086636990964239
120,-1.0732648196945944,0.9100407202837992
121,0.4876630026102882,-1.0732648196945944
122,-0.09490294510235925,0.4876630026102882
123,0.5520762748388045,-0.09490294510235925
124,-0.19219643524710955,0.5520762748388045
125,-0.5205362584777047,-0.19219643524710955
126,0.35101998395910894,-0.5205362584777047
127,0.49467541358006684,0.35101998395910894
128,-0.45691730836650707,0.49467541358006684
129,3.3371671850327966,-0.45691730836650707
130,-3.6051035911047853,3.3371671850327966
131,2.365860454008421,-3.6051035911047853
132,-1.4647172897383332,2.365860454008421
133,0.3005335865921255,-1.4647172897383332
134,1.6208064074827355,0.3005335865921255
135,-1.3227548104942854,1.6208064074827355
136,1.7268166827838147,-1.3227548104942854
137,-2.419378890548485,1.7268166827838147
138,2.457620527409902,-2.419378890548485
139,-1.0580384427970646,2.457620527409902
140,1.2094809980732406,-1.0580384427970646
141,0.3178413369314643,1.2094809980732406
142,-3.243673001185075,0.3178413369314643
143,2.6136124538799805,-3.243673001185075
144,-2.757136065986612,2.6136124538799805
145,1.3547149872930526,-2.757136065986612
146,-1.1884340279738597,1.3547149872930526
147,0.7075502650481629,-1.1884340279738597
148,-0.8192964312145712,0.7075502650481629
149,-0.6574923157890957,-0.8192964312145712
150,0.18079655050889437,-0.6574923157890957
151,-0.6714608666998482,0.18079655050889437
152,1.2773714578577255,-0.6714608666998482
153,-3.4961138281756705,1.2773714578577255
154,2.7070329827672457,-3.4961138281756705
155,-1.7608908665505525,2.7070329827672457
156,1.935250928109173,-1.7608908665505525
157,-1.704156885117862,1.935250928109173
158,2.222890935823247,-1.704156885117862
159,-1.4414637623761308,2.222890935823247
160,1.7768292440811022,-1.4414637623761308
161,-1.070757962602159,1.7768292440811022
162,1.6801701991897813,-1.070757962602159
163,-1.6558074426010843,1.6801701991897813
164,2.1530724231319534,-1.6558074426010843
165,-2.4697872480623833,2.1530724231319534
166,1.3621270344218255,-2.4697872480623833
167,-1.4316378558871574,1.3621270344218255
168,1.6214285964434314,-1.4316378558871574
169,-2.474277301091368,1.6214285964434314
170,4.132963607040148,-2.474277301091368
171,-3.2282306481637866,4.132963607040148
172,1.3021307860589328,-3.2282306481637866
173,-0.4200207057895051,1.3021307860589328
174,1.1424302562805686,-0.4200207057895051
175,-0.1716051028788469,1.1424302562805686
176,1.3744481676886524,-0.1716051028788469
177,-3.7675408846156575,1.3744481676886524
178,1.3252619470684857,-3.7675408846156575
179,-1.7938708233096727,1.3252619470684857
180,0.977585075567855,-1.7938708233096727
181,-0.1636067362334982,0.977585075567855
182,-0.7117952978548469,-0.1636067362334982
183,0.14886740696915457,-0.7117952978548469
184,-0.5605785245427836,0.14886740696915457
185,-1.0150639443860157,-0.5605785245427836
186,0.1515540142815196,-1.0150639443860157
187,-0.9498234011971913,0.1515540142815196
188,2.610583603326914,-0.9498234011971913
189,-3.2576662009654447,2.610583603326914
190,3.6386339767818687,-3.2576662009654447
191,-1.7639378242228276,3.6386339767818687
192,2.2606589757006645,-1.7639378242228276
193,-0.8906781202316416,2.2606589757006645
194,0.364295274874143,-0.8906781202316416
195,-0.5814946449235825,0.364295274874143
196,0.12162769296538645,-0.5814946449235825
197,-1.1249451590846844,0.12162769296538645
198,1.3741406277607575,-1.1249451590846844
199,1.0435013280126704,1.3741406277607575
200,-0.2735188803945997,1.0435013280126704
201,-0.4142193512769623,-0.2735188803945997
202,0.7942002790363204,-0.4142193512769623
203,-2.8986321258890424,0.7942002790363204
204,3.116439604124664,-2.8986321258890424
205,-3.9920049149123784,3.116439604124664
206,3.995309751807233,-3.9920049149123784
207,-2.5654886616370263,3.995309751807233
208,1.7707895232985789,-2.5654886616370263
209,-0.8068264950419218,1.7707895232985789
210,2.4910385905197643,-0.8068264950419218
211,-2.2941481698133717,2.4910385905197643
212,3.2600868919700843,-2.2941481698133717
213,-1.743159779581781,3.2600868919700843
214,4.782799736118767,-1.743159779581781
215,-5.140669202914249,4.782799736118767
216,6.342785459993356,-5.140669202914249
217,-6.308404921054606,6.342785459993356
218,4.541117755111723,-6.308404921054606
219,-4.603473283488743,4.541117755111723
220,5.595177194861813,-4.603473283488743
221,-5.944365145263987,5.595177194861813
222,7.226404286113476,-5.944365145263987
223,-6.724657360153822,7.226404286113476
224,6.315991629759167,-6.724657360153822
225,-5.867265523534726,6.315991629759167
226,4.966016785038679,-5.867265523534726
227,-5.400010559924824,4.966016785038679
228,4.84098580898347,-5.400010559924824
229,-3.677539606031437,4.84098580898347
230,2.6398497425139054,-3.677539606031437
231,-1.4787572230521349,2.6398497425139054
232,2.1205359840101154,-1.4787572230521349
233,-1.8489582161655067,2.1205359840101154
234,2.6659670323062015,-1.8489582161655067
235,-2.1943265345498295,2.6659670323062015
236,4.06137899244765,-2.1943265345498295
237,-3.7153850789961442,4.06137899244765
238,5.490379246977547,-3.7153850789961442
239,-5.435055631066088,5.490379246977547
240,3.3078549537571647,-5.435055631066088
241,-2.721452817311442,3.3078549537571647
242,3.398559934503239,-2.721452817311442
243,-2.843900411808203,3.398559934503239
244,1.749014607307224,-2.843900411808203
245,-3.763414004022372,1.749014607307224
246,2.983615349556212,-3.763414004022372
247,-2.676147493458185,2.983615349556212
248,1.374826016893585,-2.676147493458185
249,-0.6117791337123535,1.374826016893585
250,1.557374358469279,-0.6117791337123535
251,-1.8611864323625664,1.557374358469279
252,-1.0232938016756374,-1.8611864323625664
253,2.1347672219531955,-1.0232938016756374
254,-3.0625995804676496,2.1347672219531955
255,3.1612056377581497,-3.0625995804676496
256,-2.59394020472062,3.1612056377581497
257,2.7735691977154233,-2.59394020472062
258,-0.5438628998745805,2.7735691977154233
259,0.33473738003272735,-0.5438628998745805
260,-1.0039650641533033,0.33473738003272735
261,1.2225266204085095,-1.0039650641533033
262,0.7344070621787437,1.2225266204085095
263,-0.4668245446598544,0.7344070621787437
264,0.07173921587484305,-0.4668245446598544
265,-2.0245870947965425,0.07173921587484305
266,2.2903082355026236,-2.0245870947965425
267,-1.7469730208386804,2.2903082355026236
268,2.0831448992910873,-1.7469730208386804
269,-2.5122889682899356,2.0831448992910873
270,3.8498641401323628,-2.5122889682899356
271,-2.2546759949188484,3.8498641401323628
272,2.1490790611108235,-2.2546759949188484
273,-2.504796946346711,2.1490790611108235
274,1.0849421721437453,-2.504796946346711
275,-0.5043570928723372,1.0849421721437453
276,-0.7356857071842369,-0.5043570928723372
277,2.1195982786284935,-0.7356857071842369
278,-3.0287046690775563,2.1195982786284935
279,2.490756745166428,-3.0287046690775563
280,-2.568089029891197,2.490756745166428
281,2.396856657632615,-2.568089029891197
282,-0.46626478290388373,2.396856657632615
283,1.4840537711656903,-0.46626478290388373
284,0.7846833165949896,1.4840537711656903
285,-0.6565746281310001,0.7846833165949896
286,-0.8280634041984071,-0.6565746281310001
287,1.5437857606543808,-0.8280634041984071
288,-0.1404346144316435,1.5437857606543808
289,2.468671989965045,-0.1404346144316435
290,-2.1500682601670666,2.468671989965045
291,0.5683909619522645,-2.1500682601670666
292,-0.8544956486957688,0.5683909619522645
293,-0.2726443224497934,-0.8544956486957688
294,0.131889554001821,-0.2726443224497934
295,0.8095509815463559,0.131889554001821
296,-1.201615395880036,0.8095509815463559
297,1.0316757252832347,-1.201615395880036
298,-2.109696581406207,1.0316757252832347
299,0.562708135302916,-2.109696581406207
300,-2.6901358554773065,0.562708135302916
301,2.7780492970410955,-2.6901358554773065
302,-2.435573941763568,2.7780492970410955
303,1.3191384295777322,-2.435573941763568
304,-2.1263449743243634,1.3191384295777322
305,3.8865109007442915,-2.1263449743243634
306,-4.131224477059853,3.8865109007442915
307,4.105876239768232,-4.131224477059853
308,-4.146673679931431,4.105876239768232
309,3.8983433541440506,-4.146673679931431
310,-2.932665966627566,3.8983433541440506
311,1.7393099101898488,-2.932665966627566
312,-2.5767904053424395,1.7393099101898488
313,2.7160497885332697,-2.5767904053424395
314,-2.0353804803185405,2.7160497885332697
315,1.093351279482302,-2.0353804803185405
316,-0.4258471501211817,1.093351279482302
317,-1.7041356265990597,-0.4258471501211817
318,-0.10309184391094917,-1.7041356265990597
319,-0.7886258602863552,-0.10309184391094917
320,0.20823003559275766,-0.7886258602863552
321,0.2867529852873555,0.20823003559275766
322,-0.903714099184825,0.2867529852873555
323,-0.17726530870003443,-0.903714099184825
324,0.42884065008921846,-0.17726530870003443
325,-1.0026199336506079,0.42884065008921846
326,0.6066299501983534,-1.0026199336506079
327,0.15230566760863973,0.6066299501983534
328,0.29980415993511644,0.15230566760863973
329,0.5433317744768815,0.29980415993511644
330,1.3764013471557124,0.5433317744768815
331,-1.75670040350611,1.3764013471557124
332,1.2632967964349946,-1.75670040350611
333,-1.210224575205309,1.2632967964349946
334,1.982524365570122,-1.210224575205309
335,-2.738677360699855,1.982524365570122
336,0.9987430427252713,-2.738677360699855
337,-1.5140236002233574,0.9987430427252713
338,2.18588289442139,-1.5140236002233574
339,-1.352245151559287,2.18588289442139
340,0.07480220081545963,-1.352245151559287
341,-1.7315119644255794,0.07480220081545963
342,2.0725503403441605,-1.7315119644255794
343,-2.3017129263889733,2.0725503403441605
344,4.501748263897185,-2.3017129263889733
345,-3.05286424703727,4.501748263897185
346,1.3066208404181325,-3.05286424703727
347,-0.5129269709471975,1.3066208404181325
348,-0.7662933367858148,-0.5129269709471975
349,2.292329621359477,-0.7662933367858148
350,-0.05918255961398744,2.292329621359477
351,0.09207379165483157,-0.05918255961398744
352,0.20896402999612435,0.09207379165483157
353,-0.13549071484823014,0.20896402999612435
354,-1.2764503786017771,-0.13549071484823014
355,0.3315334172401482,-1.2764503786017771
356,1.306099023692974,0.3315334172401482
357,-1.7450545872596694,1.306099023692974
358,3.954172940019945,-1.7450545872596694
359,-2.539195369145202,3.954172940019945
360,2.4759235013523235,-2.539195369145202
361,-0.2459814076474689,2.4759235013523235
362,-0.0315269083505528,-0.2459814076474689
363,-0.719078084158029,-0.0315269083505528
364,1.4746186479896033,-0.719078084158029
365,-2.208351913767326,1.4746186479896033
366,3.571630824067671,-2.208351913767326
367,-2.797569649410553,3.571630824067671
368,3.3471488283167563,-2.797569649410553
369,-3.035146797408213,3.3471488283167563
370,3.667354988327112,-3.035146797408213
371,-3.9393799398837537,3.667354988327112
372,2.8805558560730713,-3.9393799398837537
373,-3.6943831763983033,2.8805558560730713
374,2.3074934228018034,-3.6943831763983033
375,-2.207877632638371,2.3074934228018034
376,2.4762265362243356,-2.207877632638371
377,-1.616890348031423,2.4762265362243356
378,1.2043063699492167,-1.616890348031423
379,-0.08769733563970428,1.2043063699492167
380,1.4608047998830889,-0.08769733563970428
381,-1.1480082733609096,1.4608047998830889
382,1.5627407203201835,-1.1480082733609096
383,-1.9782929303119956,1.5627407203201835
384,3.4637435014003213,-1.9782929303119956
385,-3.1008298415241184,3.4637435014003213
386,2.969549436793921,-3.1008298415241184
387,-2.9983230519115116,2.969549436793921
388,3.520718302200135,-2.9983230519115116
389,-1.2781239297447469,3.520718302200135
390,1.846926831145179,-1.2781239297447469
391,0.20987922179811536,1.846926831145179
392,1.4729514803552441,0.20987922179811536
393,-1.2026837064556475,1.4729514803552441
394,1.705007642827941,-1.2026837064556475
395,-3.3268476242280043,1.705007642827941
396,3.3549238398703523,-3.3268476242280043
397,-3.5683047980941165,3.3549238398703523
398,0.9737836532509601,-3.5683047980941165
399,-0.8164230935426886,0.9737836532509601
400,0.3001826883952889,-0.8164230935426886
401,-0.07347307821163021,0.3001826883952889
402,0.6712249870690755,-0.07347307821163021
403,-0.5287953212028071,0.6712249870690755
404,0.5664363607694579,-0.5287953212028071
405,-0.8594508429452712,0.5664363607694579
406,-0.42517617605106084,-0.8594508429452712
407,-0.5213956001364507,-0.42517617605106084
408,0.39024598382299813,-0.5213956001364507
409,-1.0287636265274773,0.39024598382299813
410,1.966334030458679,-1.0287636265274773
411,-0.48272984942069663,1.966334030458679
412,-0.11027152133138762,-0.48272984942069663
413,0.13904447062966313,-0.11027152133138762
414,0.18472763451119076,0.13904447062966313
415,-0.7828620734916867,0.18472763451119076
416,0.8397289608514595,-0.7828620734916867
417,-1.685659599876701,0.8397289608514595
418,1.6716982282686645,-1.685659599876701
419,-0.8077641424645446,1.6716982282686645
420,2.6909730102638636,-0.8077641424645446
421,-1.766144061676802,2.6909730102638636
422,2.5317571137570924,-1.766144061676802
423,-3.1560482249491164,2.5317571137570924
424,3.363746259624997,-3.1560482249491164
425,-2.9586518167169795,3.363746259624997
426,2.9524616833783295,-2.9586518167169795
427,-2.6243547635622675,2.9524616833783295
428,2.5201237070655926,-2.6243547635622675
429,-3.9223981187481347,2.5201237070655926
430,4.1268766979405935,-3.9223981187481347
431,-5.06860949866836,4.1268766979405935
432,4.181274432616583,-5.06860949866836
433,-4.876606113173159,4.181274432616583
434,4.484473555321973,-4.876606113173159
435,-4.299229140695158,4.484473555321973
436,3.5927402202221375,-4.299229140695158
437,-4.485549672326425,3.5927402202221375
438,3.5515212513556405,-4.485549672326425
439,-4.529467207104677,3.5515212513556405
440,5.034468435066285,-4.529467207104677
441,-3.7825678917436516,5.034468435066285
442,3.418551546808493,-3.7825678917436516
443,-3.6870653424229722,3.418551546808493
444,3.0906421913830813,-3.6870653424229722
445,-2.709360705756985,3.0906421913830813
446,2.389205238680396,-2.709360705756985
447,-2.1909802610840527,2.389205238680396
448,1.527032650161979,-2.1909802610840527
449,0.412912510406352,1.527032650161979
450,-0.7529812137481686,0.412912510406352
451,2.2083874115043916,-0.7529812137481686
452,-2.3942390413335404,2.2083874115043916
453,1.3964257308737813,-2.3942390413335404
454,-0.6670375161000532,1.3964257308737813
455,1.2277636210546543,-0.6670375161000532
456,-2.045975574318754,1.2277636210546543
457,2.382200110056456,-2.045975574318754
458,-2.1885597979549036,2.382200110056456
459,2.553715684166011,-2.1885597979549036
460,-3.3500017296819005,2.553715684166011
461,2.6106022477498207,-3.3500017296819005
462,-0.27822999969319584,2.6106022477498207
463,-0.4296706709094603,-0.27822999969319584
464,-0.08342298935515546,-0.4296706709094603
465,1.5758085884822195,-0.08342298935515546
466,-1.9614867509107,1.5758085884822195
467,0.6142531468283694,-1.9614867509107
468,-0.8623259055789696,0.6142531468283694
469,1.5142291094757279,-0.8623259055789696
470,0.7645420066697115,1.5142291094757279
471,-1.518393067226489,0.7645420066697115
472,0.28983637137861584,-1.518393067226489
473,-0.4123054709898611,0.28983637137861584
474,-1.048816812011342,-0.4123054709898611
475,-0.7234056940619011,-1.048816812011342
476,1.6515602504061164,-0.7234056940619011
477,0.04542403331396416,1.6515602504061164
478,0.09684243487026017,0.04542403331396416
479,0.1461725642499812,0.09684243487026017
480,1.398573076164461,0.1461725642499812
481,-1.525970520195421,1.398573076164461
482,1.2225950324637778,-1.525970520195421
483,-0.30887171020235626,1.2225950324637778
484,1.0619687946117364,-0.30887171020235626
485,1.2605262569173847,1.0619687946117364
486,-0.2463835494992893,1.2605262569173847
487,0.1840623197600215,-0.2463835494992893
488,0.2972400359353593,0.1840623197600215
489,0.3796734725699454,0.2972400359353593
490,0.5386029355811267,0.3796734725699454
491,-0.08978767713481,0.5386029355811267
492,-0.3810277904497919,-0.08978767713481
493,0.2410904332591456,-0.3810277904497919
494,0.5020137943041991,0.2410904332591456
495,1.2031433862755336,0.5020137943041991
496,-1.421831680459043,1.2031433862755336
497,1.8512766380463797,-1.421831680459043
498,-3.0937499882225645,1.8512766380463797
499,2.0031893187734497,-3.0937499882225645
500,-1.5800230807997784,2.0031893187734497
501,0.894436922285904,-1.5800230807997784
502,1.0194502868453599,0.894436922285904
503,-1.4483406221848985,1.0194502868453599
504,0.6886851939025528,-1.4483406221848985
505,-0.5355167738916597,0.6886851939025528
506,1.017518564730877,-0.5355167738916597
507,-1.5392082419686421,1.017518564730877
508,0.5360785655286692,-1.5392082419686421
509,-0.3717630325174582,0.5360785655286692
510,0.31694181633163193,-0.3717630325174582
511,-1.371469734279818,0.31694181633163193
512,2.394813325113173,-1.371469734279818
513,-1.343765148566928,2.394813325113173
514,2.2349954169045687,-1.343765148566928
515,-1.0593220503629868,2.2349954169045687
516,1.305775576362647,-1.0593220503629868
517,-2.5299926843477216,1.305775576362647
518,4.02778765008929,-2.5299926843477216
519,-4.258994995233599,4.02778765008929
520,3.554485885786369,-4.258994995233599
521,-3.232163949802471,3.554485885786369
522,1.6934002666238963,-3.232163949802471
523,-0.5553884030781825,1.6934002666238963
524,0.9216048501381426,-0.5553884030781825
525,-0.6922432218623931,0.9216048501381426
526,0.6361080322577248,-0.6922432218623931
527,-0.4461788281911532,0.6361080322577248
528,0.395765725653481,-0.4461788281911532
529,0.3327463184727796,0.395765725653481
530,-1.029786000287043,0.3327463184727796
531,1.4709436595049672,-1.029786000287043
532,-2.65923233785983,1.4709436595049672
533,2.5379645079069655,-2.65923233785983
534,-1.6258147448689497,2.5379645079069655
535,3.349419090581019,-1.6258147448689497
536,-3.336739100311334,3.349419090581019
537,3.3848142689124256,-3.336739100311334
538,-4.7537914223446744,3.3848142689124256
539,4.247274317864656,-4.7537914223446744
540,-4.794389409406976,4.247274317864656
541,5.903418965568545,-4.794389409406976
542,-6.335872731918741,5.903418965568545
543,6.789441112984157,-6.335872731918741
544,-6.117619789529787,6.789441112984157
545,5.144651282706877,-6.117619789529787
546,-6.051595441367505,5.144651282706877
547,4.054726027325842,-6.051595441367505
548,-4.452676510312228,4.054726027325842
549,4.639280485858346,-4.452676510312228
550,-3.6268751255591174,4.639280485858346
551,4.19790814843739,-3.6268751255591174
552,-3.7153398245050293,4.19790814843739
553,3.254486560754423,-3.7153398245050293
554,-2.5966228355775556,3.254486560754423
555,4.9308759192115685,-2.5966228355775556
556,-4.1345147545730025,4.9308759192115685
557,3.429198828969194,-4.1345147545730025
558,-4.8608541221459225,3.429198828969194
559,3.9205047746443853,-4.8608541221459225
560,-2.8878798431712047,3.9205047746443853
561,1.6184866516953145,-2.8878798431712047
562,-0.801516019123839,1.6184866516953145
563,1.0767223467128606,-0.801516019123839
564,-0.501256780679648,1.0767223467128606
565,-1.1006963727511219,-0.501256780679648
566,3.7176810580992745,-1.1006963727511219
567,-1.451478800776458,3.7176810580992745
568,2.458152988396641,-1.451478800776458
569,0.33167420963240923,2.458152988396641
570,-0.7095500050868115,0.33167420963240923
571,0.13311282592888452,-0.7095500050868115
572,-0.25707846259315215,0.13311282592888452
573,-0.017495009965275587,-0.25707846259315215
574,0.20279656104275498,-0.017495009965275587
575,-0.3769153089342636,0.20279656104275498
576,-2.666119791035744,-0.3769153089342636
577,2.680299230472077,-2.666119791035744
578,-3.1152534926043467,2.680299230472077
579,1.4889443289776658,-3.1152534926043467
580,-1.9692476876835898,1.4889443289776658
581,0.26811348599493856,-1.9692476876835898
582,0.2522121462518699,0.26811348599493856
583,0.3395311617532305,0.2522121462518699
584,1.415394931983374,0.3395311617532305
585,-3.2601684848772603,1.415394931983374
586,3.5537878161730294,-3.2601684848772603
587,-2.8827825059354724,3.5537878161730294
588,2.545613944937145,-2.8827825059354724
589,-1.5935076807992625,2.545613944937145
590,1.4248897495012651,-1.5935076807992625
591,-1.727531671447358,1.4248897495012651
592,1.171676446185099,-1.727531671447358
593,-1.2359916791236865,1.171676446185099
594,0.9186289796053462,-1.2359916791236865
595,-1.3489735164501981,0.9186289796053462
596,1.6931912903981408,-1.3489735164501981
597,-1.3170550022282663,1.6931912903981408
598,0.7080261314725992,-1.3170550022282663
599,0.324839157438654,0.7080261314725992
600,0.9366766070148358,0.324839157438654
601,-1.1682049771524818,0.9366766070148358
602,2.5424573765620786,-1.1682049771524818
603,-3.3426526681756172,2.5424573765620786
604,3.0729805097468317,-3.3426526681756172
605,-2.9984683580707845,3.0729805097468317
606,1.75513603262206,-2.9984683580707845
607,-1.8184673780130913,1.75513603262206
608,1.141851264530961,-1.8184673780130913
609,-0.902650207768368,1.141851264530961
610,0.23606412066538696,-0.902650207768368
611,0.23635460726142565,0.23606412066538696
612,1.2590852118774762,0.23635460726142565
613,-1.5134290935201535,1.2590852118774762
614,3.0539468561210477,-1.5134290935201535
615,-4.268586115016202,3.0539468561210477
616,5.057845424104506,-4.268586115016202
617,-4.83456747273837,5.057845424104506
618,4.79996530938571,-4.83456747273837
619,-3.420706977486824,4.79996530938571
620,2.9108201614810145,-3.420706977486824
621,-2.158795591671423,2.9108201614810145
622,1.2121713065189472,-2.158795591671423
623,-1.1522831681990853,1.2121713065189472
624,-0.013091911294468295,-1.1522831681990853
625,-1.0705985096514845,-0.013091911294468295
626,0.17014391070919943,-1.0705985096514845
627,-1.498263116576921,0.17014391070919943
628,0.6956375106718524,-1.498263116576921
629,-1.7619573916210514,0.6956375106718524
630,1.362529467380151,-1.7619573916210514
631,-2.1221753399250627,1.362529467380151
632,1.0495656929933983,-2.1221753399250627
633,-2.010220889013405,1.0495656929933983
634,2.2311651853773222,-2.010220889013405
635,-4.488779445156151,2.2311651853773222
636,1.9776333492166804,-4.488779445156151
637,-3.9593215679569393,1.9776333492166804
638,3.157824398076744,-3.9593215679569393
639,-2.241856591344705,3.157824398076744
640,4.223607066586489,-2.241856591344705
641,-4.291292598505544,4.223607066586489
642,3.576095027088574,-4.291292598505544
643,-4.0504598965407315,3.576095027088574
644,4.708887562712918,-4.0504598965407315
645,-4.470002758911152,4.708887562712918
646,3.683181764572208,-4.470002758911152
647,-4.4570108358308325,3.683181764572208
648,3.9896241922359903,-4.4570108358308325
649,-3.2540982346009493,3.9896241922359903
650,0.18788380911658775,-3.2540982346009493
651,-0.031214906897712308,0.18788380911658775
652,0.7982656882888113,-0.031214906897712308
653,-1.0979481156051567,0.7982656882888113
654,1.091902934597231,-1.0979481156051567
655,-0.540554508249059,1.091902934597231
656,-0.07076407400281809,-0.540554508249059
657,1.240228787143692,-0.07076407400281809
658,-0.7709675524112611,1.240228787143692
659,-0.36746489147764483,-0.7709675524112611
660,1.2323967285255448,-0.36746489147764483
661,-3.2616085732046987,1.2323967285255448
662,2.974055365951817,-3.2616085732046987
663,-1.553360168441638,2.974055365951817
664,1.5490332801009359,-1.553360168441638
665,-2.58234894785541,1.5490332801009359
666,3.3633845569891023,-2.58234894785541
667,-2.9434477335465745,3.3633845569891023
668,4.686191250608879,-2.9434477335465745
669,-3.6003988915357734,4.686191250608879
670,2.5103130868502306,-3.6003988915357734
671,-3.654048704405664,2.5103130868502306
672,2.988488660045184,-3.654048704405664
673,-2.3556467452595444,2.988488660045184
674,2.4855927700524965,-2.3556467452595444
675,-2.1903631325292627,2.4855927700524965
676,3.113803602282516,-2.1903631325292627
677,-2.9298288625694116,3.113803602282516
678,3.2449187589890225,-2.9298288625694116
679,-3.2908579596323624,3.2449187589890225
680,1.0967709269390444,-3.2908579596323624
681,-1.6048510506587585,1.0967709269390444
682,1.4595417145644054,-1.6048510506587585
683,-0.6274657469174798,1.4595417145644054
684,0.4034856477762436,-0.6274657469174798
685,-0.5017750685930178,0.4034856477762436
686,2.5481091354384064,-0.5017750685930178
687,-0.7000369246773825,2.5481091354384064
688,1.5193689643800563,-0.7000369246773825
689,-2.3062298984093874,1.5193689643800563
690,1.6452350845723664,-2.3062298984093874
691,-0.4289413038927632,1.6452350845723664
692,-0.6288566131486737,-0.4289413038927632
693,0.5265977617911127,-0.6288566131486737
694,-0.7646608312788692,0.5265977617911127
695,-0.44729868426877695,-0.7646608312788692
696,0.11744397238602616,-0.44729868426877695
697,0.9727542560162333,0.11744397238602616
698,1.2273973109203151,0.9727542560162333
699,-1.5578838972268325,1.2273973109203151
700,0.4276278955412849,-1.5578838972268325
701,1.2293450665286412,0.4276278955412849
702,-2.128086217125478,1.2293450665286412
703,2.0940279158443804,-2.128086217125478
704,-4.3209459338791385,2.0940279158443804
705,3.498640791513695,-4.3209459338791385
706,-5.252839296361415,3.498640791513695
707,6.373622124686627,-5.252839296361415
708,-6.1138072904734315,6.373622124686627
709,4.7144399851819045,-6.1138072904734315
710,-3.1856803577676924,4.7144399851819045
711,3.4808681165399498,-3.1856803577676924
712,-3.478654981859645,3.4808681165399498
713,3.2768069231804344,-3.478654981859645
714,-1.7480147020067975,3.2768069231804344
715,0.552691257385558,-1.7480147020067975
716,-0.10638318873418118,0.552691257385558
717,1.6507818956144975,-0.10638318873418118
718,-1.2566893362617948,1.6507818956144975
719,1.9166281436625736,-1.2566893362617948
720,-1.5601376944031222,1.9166281436625736
721,2.3490674473023248,-1.5601376944031222
722,-1.1511509697195175,2.3490674473023248
723,2.6398135517549326,-1.1511509697195175
724,-3.4865957423789977,2.6398135517549326
725,2.1839703314008827,-3.4865957423789977
726,-1.4665774788269716,2.1839703314008827
727,1.42764222547533,-1.4665774788269716
728,-1.188933295000924,1.42764222547533
729,1.3153346684705507,-1.188933295000924
730,-1.9158748192250483,1.3153346684705507
731,2.1486604771465014,-1.9158748192250483
732,-1.506714852719469,2.1486604771465014
733,2.273418312426726,-1.506714852719469
734,-2.1807757399528556,2.273418312426726
735,1.7670680695961143,-2.1807757399528556
736,-1.90506893437413,1.7670680695961143
737,1.0007702647770005,-1.90506893437413
738,-0.7154780735915593,1.0007702647770005
739,0.46575905579289395,-0.7154780735915593
740,-0.7824992012575038,0.46575905579289395
741,-0.5426187130671644,-0.7824992012575038
742,-0.7851295769930412,-0.5426187130671644
743,1.0362326038285201,-0.7851295769930412
744,-1.7569869966999045,1.0362326038285201
745,0.6451727446564024,-1.7569869966999045
746,-0.21197394076511916,0.6451727446564024
747,0.7522915112074429,-0.21197394076511916
748,-1.6031665107808544,0.7522915112074429
749,1.3685840758789511,-1.6031665107808544
750,-1.1680257543199952,1.3685840758789511
751,1.5708411981364208,-1.1680257543199952
752,-1.2267408208285664,1.5708411981364208
753,0.48300570883249394,-1.2267408208285664
754,-0.20472471235680714,0.48300570883249394
755,0.336767957634878,-0.20472471235680714
756,-0.22392972018996937,0.336767957634878
757,0.15382767154438412,-0.22392972018996937
758,-0.4373668640180656,0.15382767154438412
759,0.12351646386497678,-0.4373668640180656
760,-0.27778516912528506,0.12351646386497678
761,2.406254976736738,-0.27778516912528506
762,-2.147474912267778,2.406254976736738
763,1.8521702331511891,-2.147474912267778
764,-0.8928176375759623,1.8521702331511891
765,1.3855623847321126,-0.8928176375759623
766,-2.7259168275955683,1.3855623847321126
767,2.7648492344687767,-2.7259168275955683
768,-2.4509716585071954,2.7648492344687767
769,1.9179643919055378,-2.4509716585071954
770,-2.7378331821744837,1.9179643919055378
771,2.404843445709853,-2.7378331821744837
772,-2.6902359334846575,2.404843445709853
773,2.8960346758084974,-2.6902359334846575
774,-1.7003516457462153,2.8960346758084974
775,1.1338780953318597,-1.7003516457462153
776,-1.2523425953027552,1.1338780953318597
777,0.38742303814251633,-1.2523425953027552
778,0.8296250984627889,0.38742303814251633
779,-2.197136659036007,0.8296250984627889
780,2.029377808089104,-2.197136659036007
781,-1.613117239517785,2.029377808089104
782,0.3065083203438099,-1.613117239517785
783,-2.41269632555544,0.3065083203438099
784,3.2653899114319263,-2.41269632555544
785,-2.4171351837961534,3.2653899114319263
786,3.5793992974581927,-2.4171351837961534
787,-2.931747113792084,3.5793992974581927
788,2.3265340481927694,-2.931747113792084
789,-1.3942314271787808,2.3265340481927694
790,0.09762863463305549,-1.3942314271787808
791,0.6057296401911434,0.09762863463305549
792,-0.7955200047507411,0.6057296401911434
793,-0.44043605395711216,-0.7955200047507411
794,0.8973268630504954,-0.44043605395711216
795,-1.0213939130027612,0.8973268630504954
796,2.108182460700114,-1.0213939130027612
797,-0.2940414974311647,2.108182460700114
798,0.25313115691514926,-0.2940414974311647
799,-1.1948069379672528,0.25313115691514926
800,1.1310099796656614,-1.1948069379672528
801,-0.4886429907916431,1.1310099796656614
802,0.28069784940552245,-0.4886429907916431
803,-0.9521503204141745,0.28069784940552245
804,-0.507166947294466,-0.9521503204141745
805,0.05654215917154254,-0.507166947294466
806,0.827926299791779,0.05654215917154254
807,-0.41375712860845343,0.827926299791779
808,0.49408885653331325,-0.41375712860845343
809,0.94684902621443,0.49408885653331325
810,1.2771332043012271,0.94684902621443
811,-1.7392504737048933,1.2771332043012271
812,1.6087242822153047,-1.7392504737048933
813,-0.7777020693929851,1.6087242822153047
814,1.024805332858353,-0.7777020693929851
815,-2.104520563343373,1.024805332858353
816,2.3727318800520645,-2.104520563343373
817,-0.7000092799585802,2.3727318800520645
818,2.5441173372341677,-0.7000092799585802
819,-1.9632814258040758,2.5441173372341677
820,2.93124482778228,-1.9632814258040758
821,-4.9264039327119855,2.93124482778228
822,4.22180262018128,-4.9264039327119855
823,-1.8177972472702122,4.22180262018128
824,1.4762041957956815,-1.8177972472702122
825,-1.6783804685041757,1.4762041957956815
826,2.5695903952260304,-1.6783804685041757
827,-0.49932800019620616,2.5695903952260304
828,0.5223249676556772,-0.49932800019620616
829,0.297788437231369,0.5223249676556772
830,-1.3740646475826686,0.297788437231369
831,1.086698610201347,-1.3740646475826686
832,-1.481213567722823,1.086698610201347
833,1.9276254369506496,-1.481213567722823
834,-2.5639560484311135,1.9276254369506496
835,3.6882884901034316,-2.5639560484311135
836,-2.32882998769231,3.6882884901034316
837,2.933187931672689,-2.32882998769231
838,-3.3192849692501722,2.933187931672689
839,1.4648594549295995,-3.3192849692501722
840,-0.6285366581837758,1.4648594549295995
841,0.5559113097473829,-0.6285366581837758
842,-0.8880305361882616,0.5559113097473829
843,2.088090738737962,-0.8880305361882616
844,-2.3141958690401996,2.088090738737962
845,0.6760527275404333,-2.3141958690401996
846,-2.108925018665776,0.6760527275404333
847,2.1626987101191126,-2.108925018665776
848,-1.09223187171674,2.1626987101191126
849,0.5856552359835046,-1.09223187171674
850,-0.016711906887621253,0.5856552359835046
851,-0.0695322796633608,-0.016711906887621253
852,-1.3256614201788142,-0.0695322796633608
853,1.7604495246241836,-1.3256614201788142
854,-1.9562190337814385,1.7604495246241836
855,3.021595467150206,-1.9562190337814385
856,-1.4226799173478006,3.021595467150206
857,4.6118995987626805,-1.4226799173478006
858,-3.4762712071218473,4.6118995987626805
859,3.0452024493409957,-3.4762712071218473
860,-1.650618983298886,3.0452024493409957
861,3.0052482427179013,-1.650618983298886
862,-3.543927852894952,3.0052482427179013
863,2.78172708238982,-3.543927852894952
864,-4.4740375142509565,2.78172708238982
865,2.865457297869388,-4.4740375142509565
866,-3.337871665179117,2.865457297869388
867,3.782716409948714,-3.337871665179117
868,-4.259291612364155,3.782716409948714
869,3.0039374250132935,-4.259291612364155
870,-1.7392851161663765,3.0039374250132935
871,2.3545255638511677,-1.7392851161663765
872,-1.5351159899569864,2.3545255638511677
873,2.089425043563308,-1.5351159899569864
874,-0.24337050216844913,2.089425043563308
875,-0.9300314491334924,-0.24337050216844913
876,1.1637732406357375,-0.9300314491334924
877,-1.5726499536011207,1.1637732406357375
878,1.5710209707940486,-1.5726499536011207
879,-2.7045809668632668,1.5710209707940486
880,1.5109465004668998,-2.7045809668632668
881,-2.8934209638718418,1.5109465004668998
882,2.226287970322106,-2.8934209638718418
883,-1.6480547118808162,2.226287970322106
884,2.9863995106902794,-1.6480547118808162
885,-2.5672765695003763,2.9863995106902794
886,2.5384253914199917,-2.5672765695003763
887,-3.4885680237809242,2.5384253914199917
888,4.608653719698722,-3.4885680237809242
889,-2.6321539184798772,4.608653719698722
890,1.642595589090773,-2.6321539184798772
891,-1.437637861178145,1.642595589090773
892,0.29353245005282114,-1.437637861178145
893,0.5571812523796222,0.29353245005282114
894,-0.8546847039285642,0.5571812523796222
895,1.1736980271431283,-0.8546847039285642
896,-1.0252471635647877,1.1736980271431283
897,1.7182852423920174,-1.0252471635647877
898,-1.0238524104778364,1.7182852423920174
899,-1.9226859573480866,-1.0238524104778364
900,1.7435588614219095,-1.9226859573480866
901,-0.6608759838652992,1.7435588614219095
902,-0.47097188802698164,-0.6608759838652992
903,0.6540965806188068,-0.47097188802698164
904,1.8742286659762604,0.6540965806188068
905,-2.423326178263098,1.8742286659762604
906,2.6144229322915016,-2.423326178263098
907,-1.935818248578611,2.6144229322915016
908,2.120922340642142,-1.935818248578611
909,-1.8269139934176957,2.120922340642142
910,2.468664189648234,-1.8269139934176957
911,-1.750648198441053,2.468664189648234
912,2.174243185472037,-1.750648198441053
913,-1.919410090505206,2.174243185472037
914,0.8183564431308783,-1.919410090505206
915,-0.6841673568860034,0.8183564431308783
916,-0.19083522065418357,-0.6841673568860034
917,-1.2030700290996121,-0.19083522065418357
918,-1.2618827051289283,-1.2030700290996121
919,3.3836320018315154,-1.2618827051289283
920,-2.775397225945005,3.3836320018315154
921,2.9690902040844365,-2.775397225945005
922,-3.4132476743262505,2.9690902040844365
923,3.4875548861574126,-3.4132476743262505
924,-2.952687253065874,3.4875548861574126
925,1.3176277687290494,-2.952687253065874
926,-2.8955129145629477,1.3176277687290494
927,3.371562528438306,-2.8955129145629477
928,-2.1371929989981506,3.371562528438306
929,0.9434118390473956,-2.1371929989981506
930,-0.17406194556742405,0.9434118390473956
931,-2.1462634095981317,-0.17406194556742405
932,2.1870120344016826,-2.1462634095981317
933,-1.6618743654858104,2.1870120344016826
934,1.5035835442917693,-1.6618743654858104
935,-2.298256623011552,1.5035835442917693
936,3.8095940010713747,-2.298256623011552
937,-2.039513921638702,3.8095940010713747
938,0.4815217395943372,-2.039513921638702
939,-1.8216488855314537,0.4815217395943372
940,0.7483524113391461,-1.8216488855314537
941,-1.3967657801397242,0.7483524113391461
942,1.5956771713548967,-1.3967657801397242
943,-1.9863574615971717,1.5956771713548967
944,2.4940117953482037,-1.9863574615971717
945,-3.312916352522225,2.4940117953482037
946,3.3564903400069728,-3.312916352522225
947,-3.8272614520403687,3.3564903400069728
948,3.7559667764480342,-3.8272614520403687
949,-4.596971443530791,3.7559667764480342
950,3.5412195790567473,-4.596971443530791
951,-2.718801924569384,3.5412195790567473
952,2.70873095896637,-2.718801924569384
953,-2.542248475748997,2.70873095896637
954,4.784256141331683,-2.542248475748997
955,-3.32831122007115,4.784256141331683
956,3.6148622609480268,-3.32831122007115
957,-2.62140299655296,3.6148622609480268
958,1.6024682175711387,-2.62140299655296
959,-3.325083361560505,1.6024682175711387
960,2.1711677225524424,-3.325083361560505
961,-2.3656527262831855,2.1711677225524424
962,2.8555361185645016,-2.3656527262831855
963,-1.4670564946848916,2.8555361185645016
964,0.8828238026444055,-1.4670564946848916
965,-0.8968324075970137,0.8828238026444055
966,0.9285644476631691,-0.8968324075970137
967,-0.7559783960004709,0.9285644476631691
968,1.6609164646165817,-0.7559783960004709
969,-3.8443659211141545,1.6609164646165817
970,4.552008389059397,-3.8443659211141545
971,-4.346909944574498,4.552008389059397
972,3.795915723559018,-4.346909944574498
973,-1.6565337390776975,3.795915723559018
974,1.748633089472836,-1.6565337390776975
975,-2.7276853111572423,1.748633089472836
976,1.243894091506469,-2.7276853111572423
977,-3.076109528796941,1.243894091506469
978,2.729287102129378,-3.076109528796941
979,-1.9545841816429226,2.729287102129378
980,-0.7365367580264193,-1.9545841816429226
981,-0.9106710059108828,-0.7365367580264193
982,-0.8211783249943923,-0.9106710059108828
983,0.9692124190484033,-0.8211783249943923
984,-0.7206779459684077,0.9692124190484033
985,0.6157596999170742,-0.7206779459684077
986,0.03722900011770047,0.6157596999170742
987,-1.8333699307634708,0.03722900011770047
988,2.0485865456094117,-1.8333699307634708
989,-2.570313959820103,2.0485865456094117
990,4.31289612422534,-2.570313959820103
991,-3.4522478898981612,4.31289612422534
992,3.2402224732399607,-3.4522478898981612
993,-4.111067665062802,3.2402224732399607
994,3.2539748134919293,-4.111067665062802
995,-3.282651682996957,3.2539748134919293
996,2.4016737022436265,-3.282651682996957
997,-3.233639141160129,2.4016737022436265
998,1.790926439339995,-3.233639141160129
999,-2.1106985268410146,1.790926439339995
